<?xml version="1.0"?>
<config>
    <api>
        <resources>
            <xretail_api translate="title" module="xretail">
                <title>Myapi</title>
                <acl>xretail/api</acl>
                <model>xretail/api</model>
                <methods>                    
						<testcustomer translate="title" module="xretail">
							<title>testCustomer</title>
							<acl>xretail/testcustomer</acl>
						</testcustomer>
                </methods>
            </xretail_api>
        </resources>
        <acl>
            <resources>
                <xretail translate="title" module="xretail">
                    <title>XRetail</title>
                    <sort_order>2000</sort_order>                    
					<testcustomer translate="title" module="xretail">
                        <title>testCustomer</title>
                    </testcustomer>
                </xretail>
            </resources>
        </acl>
    </api>
</config>